{"cameraMode":{"drawMode":0,"name":"Shaded","section":"Shading Mode"},"sceneLighting":true,"audioPlay":false,"sceneViewState":{"showFog":true,"showMaterialUpdate":false,"showSkybox":true,"showFlares":true,"showImageEffects":true,"showParticleSystems":true,"showVisualEffectGraphs":true,"m_FxEnabled":true},"in2DMode":false,"pivot":{"x":3.8505473136901857,"y":1.6589832305908204,"z":0.7489652633666992},"rotation":{"x":-0.03969573974609375,"y":0.9593847990036011,"z":-0.17488569021224976,"w":-0.21776194870471955},"size":0.899101197719574,"orthographic":false}